Price,Adj Close,Close,High,Low,Open,Volume
Ticker,IRVH,IRVH,IRVH,IRVH,IRVH,IRVH
Date,,,,,,
2022-07-07,22.281261444091797,24.655000686645508,24.655000686645508,24.655000686645508,24.655000686645508,100
2022-07-08,22.249637603759766,24.6200008392334,24.64900016784668,24.6200008392334,24.64900016784668,100
2022-07-11,22.27674102783203,24.649999618530273,24.700000762939453,24.649999618530273,24.700000762939453,200
2022-07-12,22.27674102783203,24.649999618530273,24.649999618530273,24.649999618530273,24.649999618530273,0
2022-07-13,22.369823455810547,24.753000259399414,24.8799991607666,24.753000259399414,24.8799991607666,200
2022-07-14,22.345422744750977,24.72599983215332,24.72599983215332,24.72599983215332,24.72599983215332,100
2022-07-15,22.323728561401367,24.70199966430664,24.70199966430664,24.70199966430664,24.70199966430664,100
2022-07-18,22.23155403137207,24.600000381469727,24.600000381469727,24.600000381469727,24.600000381469727,100
2022-07-19,22.170095443725586,24.531999588012695,24.531999588012695,24.531999588012695,24.531999588012695,0
2022-07-20,22.091472625732422,24.44499969482422,24.44499969482422,24.44499969482422,24.44499969482422,100
2022-07-21,22.478269577026367,24.87299919128418,24.87299919128418,24.87299919128418,24.87299919128418,100
2022-07-22,22.770172119140625,25.195999145507812,25.329999923706055,25.149999618530273,25.309999465942383,1700
2022-07-25,22.659015655517578,25.072999954223633,25.170000076293945,25.072999954223633,25.139999389648438,400
2022-07-26,22.518037796020508,24.91699981689453,24.920000076293945,24.91699981689453,24.920000076293945,400
2022-07-27,22.72408103942871,25.145000457763672,25.145000457763672,25.145000457763672,25.145000457763672,100
2022-07-28,23.008752822875977,25.459999084472656,25.459999084472656,25.459999084472656,25.459999084472656,0
2022-07-29,23.013273239135742,25.46500015258789,25.46500015258789,25.450000762939453,25.450000762939453,200
2022-08-01,22.8524112701416,25.28700065612793,25.28700065612793,25.28700065612793,25.28700065612793,100
2022-08-02,22.37615203857422,24.760000228881836,24.760000228881836,24.760000228881836,24.760000228881836,100
2022-08-03,22.39874267578125,24.78499984741211,24.78499984741211,24.600000381469727,24.600000381469727,100
2022-08-04,22.659921646118164,25.073999404907227,25.073999404907227,25.073999404907227,25.073999404907227,0
2022-08-05,22.082433700561523,24.434999465942383,24.434999465942383,24.434999465942383,24.434999465942383,100
2022-08-08,22.344518661499023,24.725000381469727,24.725000381469727,24.725000381469727,24.725000381469727,100
2022-08-09,22.10955047607422,24.46500015258789,24.46500015258789,24.46500015258789,24.46500015258789,100
2022-08-10,22.22161102294922,24.589000701904297,24.589000701904297,24.589000701904297,24.589000701904297,100
2022-08-11,22.13937759399414,24.49799919128418,24.49799919128418,24.49799919128418,24.49799919128418,100
2022-08-12,22.051706314086914,24.400999069213867,24.400999069213867,24.400999069213867,24.400999069213867,100
2022-08-15,22.077919006347656,24.43000030517578,24.43000030517578,24.43000030517578,24.43000030517578,100
2022-08-16,21.978513717651367,24.31999969482422,24.31999969482422,24.31999969482422,24.31999969482422,100
2022-08-17,21.77698516845703,24.097000122070312,24.097000122070312,24.097000122070312,24.097000122070312,100
2022-08-18,22.118589401245117,24.475000381469727,24.475000381469727,24.475000381469727,24.475000381469727,0
2022-08-19,22.136661529541016,24.4950008392334,24.510000228881836,24.4950008392334,24.510000228881836,200
2022-08-22,22.04629135131836,24.395000457763672,24.395000457763672,24.395000457763672,24.395000457763672,100
2022-08-23,22.165578842163086,24.527000427246094,24.527000427246094,24.527000427246094,24.527000427246094,100
2022-08-24,22.14931297302246,24.509000778198242,24.509000778198242,24.509000778198242,24.509000778198242,0
2022-08-25,22.217992782592773,24.584999084472656,24.59000015258789,24.584999084472656,24.59000015258789,200
2022-08-26,21.852895736694336,24.180999755859375,24.180999755859375,24.180999755859375,24.180999755859375,0
2022-08-29,21.846569061279297,24.173999786376953,24.173999786376953,24.173999786376953,24.173999786376953,100
2022-08-30,21.775169372558594,24.094999313354492,24.094999313354492,24.094999313354492,24.094999313354492,100
2022-08-31,21.60346794128418,23.905000686645508,24.09000015258789,23.905000686645508,24.09000015258789,400
2022-09-01,21.598047256469727,23.89900016784668,23.89900016784668,23.89900016784668,23.89900016784668,100
2022-09-02,21.88091468811035,24.211999893188477,24.211999893188477,24.211999893188477,24.211999893188477,100
2022-09-06,21.67447280883789,23.833999633789062,23.937000274658203,23.833999633789062,23.937000274658203,500
2022-09-07,21.76996421813965,23.93899917602539,23.93899917602539,23.93899917602539,23.93899917602539,100
2022-09-08,21.639917373657227,23.79599952697754,23.79599952697754,23.79599952697754,23.79599952697754,100
2022-09-09,21.532611846923828,23.67799949645996,23.67799949645996,23.67799949645996,23.67799949645996,100
2022-09-12,21.485319137573242,23.625999450683594,23.625999450683594,23.625999450683594,23.625999450683594,100
2022-09-13,21.20522689819336,23.31800079345703,23.31800079345703,23.2810001373291,23.2810001373291,100
2022-09-14,21.157026290893555,23.264999389648438,23.264999389648438,23.264999389648438,23.264999389648438,100
2022-09-15,21.12975311279297,23.235000610351562,23.235000610351562,23.235000610351562,23.235000610351562,100
2022-09-16,21.134302139282227,23.239999771118164,23.239999771118164,23.239999771118164,23.239999771118164,0
2022-09-19,20.927858352661133,23.01300048828125,23.079999923706055,23.01300048828125,23.06999969482422,3700
2022-09-20,20.96787452697754,23.05699920654297,23.05699920654297,23.05699920654297,23.05699920654297,100
2022-09-21,20.826005935668945,22.900999069213867,22.900999069213867,22.900999069213867,22.900999069213867,100
2022-09-22,20.535011291503906,22.58099937438965,22.58099937438965,22.58099937438965,22.58099937438965,100
2022-09-23,20.347665786743164,22.375,22.375,22.3700008392334,22.3700008392334,100
2022-09-26,20.098501205444336,22.10099983215332,22.10099983215332,22.10099983215332,22.10099983215332,100
2022-09-27,20.259464263916016,22.277999877929688,22.277999877929688,22.277999877929688,22.277999877929688,100
2022-09-28,20.9215030670166,23.006000518798828,23.006000518798828,23.006000518798828,23.006000518798828,100
2022-09-29,20.405868530273438,22.43899917602539,22.43899917602539,22.43899917602539,22.43899917602539,100
2022-09-30,20.18671226501465,22.197999954223633,22.3799991607666,22.197999954223633,22.3799991607666,200
2022-10-03,20.51772689819336,22.562000274658203,22.562000274658203,22.562000274658203,22.562000274658203,100
2022-10-04,20.538646697998047,22.584999084472656,22.584999084472656,22.584999084472656,22.584999084472656,100
2022-10-05,20.26560401916504,22.191999435424805,22.191999435424805,22.191999435424805,22.191999435424805,0
2022-10-06,20.391616821289062,22.329999923706055,22.329999923706055,22.329999923706055,22.329999923706055,100
2022-10-07,20.240938186645508,22.165000915527344,22.170000076293945,22.165000915527344,22.170000076293945,300
2022-10-10,20.2318172454834,22.155000686645508,22.155000686645508,22.155000686645508,22.155000686645508,100
2022-10-11,20.35509490966797,22.290000915527344,22.290000915527344,22.290000915527344,22.290000915527344,100
2022-10-12,20.46194076538086,22.406999588012695,22.406999588012695,22.406999588012695,22.406999588012695,100
2022-10-13,20.244596481323242,22.16900062561035,22.16900062561035,22.16900062561035,22.16900062561035,100
2022-10-14,20.31764793395996,22.249000549316406,22.249000549316406,22.249000549316406,22.249000549316406,100
2022-10-17,20.528596878051758,22.479999542236328,22.479999542236328,22.479999542236328,22.479999542236328,0
2022-10-18,20.364227294921875,22.299999237060547,22.3700008392334,22.299999237060547,22.3700008392334,300
2022-10-19,20.222681045532227,22.145000457763672,22.145000457763672,22.145000457763672,22.145000457763672,100
2022-10-20,20.268339157104492,22.19499969482422,22.19499969482422,22.19499969482422,22.19499969482422,0
2022-10-21,20.69936752319336,22.66699981689453,22.66699981689453,22.66699981689453,22.66699981689453,100
2022-10-24,20.825393676757812,22.80500030517578,22.8700008392334,22.80500030517578,22.8700008392334,1900
2022-10-25,20.606225967407227,22.565000534057617,22.565000534057617,22.565000534057617,22.565000534057617,0
2022-10-26,20.482942581176758,22.43000030517578,22.510000228881836,22.43000030517578,22.510000228881836,100
2022-10-27,20.656448364257812,22.6200008392334,22.6200008392334,22.615999221801758,22.615999221801758,1800
2022-10-28,20.52585792541504,22.476999282836914,22.476999282836914,22.476999282836914,22.476999282836914,100
2022-10-31,20.464675903320312,22.40999984741211,22.40999984741211,22.40999984741211,22.40999984741211,100
2022-11-01,20.387054443359375,22.325000762939453,22.6200008392334,22.325000762939453,22.6200008392334,100
2022-11-02,20.243677139282227,22.167999267578125,22.167999267578125,22.167999267578125,22.167999267578125,100
2022-11-03,19.920377731323242,21.75,21.75,21.75,21.75,100
2022-11-04,20.311460494995117,22.177000045776367,22.177000045776367,22.177000045776367,22.177000045776367,100
2022-11-07,20.181396484375,22.03499984741211,22.03499984741211,22.03499984741211,22.03499984741211,100
2022-11-08,20.19055938720703,22.045000076293945,22.045000076293945,22.045000076293945,22.045000076293945,100
2022-11-09,20.276647567749023,22.138999938964844,22.138999938964844,22.104999542236328,22.104999542236328,200
2022-11-10,20.773975372314453,22.68199920654297,22.68199920654297,22.670000076293945,22.670000076293945,100
2022-11-11,20.6622371673584,22.559999465942383,22.559999465942383,22.559999465942383,22.559999465942383,100
2022-11-14,20.437849044799805,22.315000534057617,22.315000534057617,22.315000534057617,22.315000534057617,100
2022-11-15,20.752912521362305,22.659000396728516,22.659000396728516,22.659000396728516,22.659000396728516,100
2022-11-16,20.611867904663086,22.5049991607666,22.5049991607666,22.5049991607666,22.5049991607666,0
2022-11-17,20.465322494506836,22.344999313354492,22.344999313354492,22.344999313354492,22.344999313354492,0
2022-11-18,20.282148361206055,22.145000457763672,22.145000457763672,22.145000457763672,22.145000457763672,100
2022-11-21,20.405794143676758,22.280000686645508,22.280000686645508,22.280000686645508,22.280000686645508,100
2022-11-22,20.547760009765625,22.434999465942383,22.434999465942383,22.434999465942383,22.434999465942383,100
2022-11-23,20.63933753967285,22.53499984741211,22.53499984741211,22.53499984741211,22.53499984741211,100
2022-11-25,20.67780876159668,22.57699966430664,22.57699966430664,22.57699966430664,22.57699966430664,100
2022-11-28,20.570650100708008,22.459999084472656,22.55900001525879,22.459999084472656,22.55900001525879,200
2022-11-29,20.556917190551758,22.44499969482422,22.559999465942383,22.44499969482422,22.559999465942383,300
2022-11-30,21.011188507080078,22.94099998474121,22.94099998474121,22.94099998474121,22.94099998474121,100
2022-12-01,21.375709533691406,23.339000701904297,23.339000701904297,23.339000701904297,23.339000701904297,100
2022-12-02,21.434329986572266,23.402999877929688,23.402999877929688,23.402999877929688,23.402999877929688,100
2022-12-05,20.971023559570312,22.812999725341797,23.04800033569336,22.812999725341797,23.04800033569336,500
2022-12-06,21.021581649780273,22.868000030517578,22.868000030517578,22.868000030517578,22.868000030517578,100
2022-12-07,21.19991683959961,23.062000274658203,23.062000274658203,23.062000274658203,23.062000274658203,100
2022-12-08,21.149349212646484,23.006999969482422,23.042999267578125,23.006999969482422,23.042999267578125,1500
2022-12-09,21.041797637939453,22.889999389648438,22.889999389648438,22.889999389648438,22.889999389648438,100
2022-12-12,20.95079803466797,22.791000366210938,22.791000366210938,22.791000366210938,22.791000366210938,100
2022-12-13,21.18428611755371,23.045000076293945,23.045000076293945,23.045000076293945,23.045000076293945,100
2022-12-14,20.995840072631836,22.84000015258789,22.84000015258789,22.84000015258789,22.84000015258789,100
2022-12-15,20.8607120513916,22.69300079345703,22.69300079345703,22.69300079345703,22.69300079345703,100
2022-12-16,20.793609619140625,22.6200008392334,22.6200008392334,22.6200008392334,22.6200008392334,100
2022-12-19,20.72925567626953,22.549999237060547,22.549999237060547,22.520000457763672,22.520000457763672,400
2022-12-20,20.825775146484375,22.655000686645508,22.655000686645508,22.655000686645508,22.655000686645508,100
2022-12-21,21.01422691345215,22.860000610351562,22.860000610351562,22.860000610351562,22.860000610351562,100
2022-12-22,20.798200607299805,22.625,22.690000534057617,22.625,22.690000534057617,100
2022-12-23,20.71546745300293,22.53499984741211,22.53499984741211,22.53499984741211,22.53499984741211,100
2022-12-27,20.664905548095703,22.479999542236328,22.479999542236328,22.479999542236328,22.479999542236328,100
2022-12-28,20.756834030151367,22.579999923706055,22.579999923706055,22.579999923706055,22.579999923706055,100
2022-12-29,20.766061782836914,22.489999771118164,22.489999771118164,22.489999771118164,22.489999771118164,0
2022-12-30,20.701431274414062,22.420000076293945,22.420000076293945,22.420000076293945,22.420000076293945,0
2023-01-03,20.68296241760254,22.399999618530273,22.540000915527344,22.399999618530273,22.5,2400
2023-01-04,20.641414642333984,22.354999542236328,22.481000900268555,22.354999542236328,22.479999542236328,1900
2023-01-05,20.47982406616211,22.18000030517578,22.200000762939453,22.18000030517578,22.200000762939453,100
2023-01-06,20.904563903808594,22.639999389648438,22.639999389648438,22.239999771118164,22.239999771118164,100
2023-01-09,20.844552993774414,22.575000762939453,22.575000762939453,22.575000762939453,22.575000762939453,100
2023-01-10,20.752212524414062,22.475000381469727,22.475000381469727,22.475000381469727,22.475000381469727,100
2023-01-11,20.8731746673584,22.606000900268555,22.606000900268555,22.606000900268555,22.606000900268555,100
2023-01-12,21.06615447998047,22.815000534057617,22.815000534057617,22.815000534057617,22.815000534057617,100
2023-01-13,20.747594833374023,22.469999313354492,22.469999313354492,22.469999313354492,22.469999313354492,100
2023-01-17,20.806692123413086,22.534000396728516,22.534000396728516,22.534000396728516,22.534000396728516,100
2023-01-18,21.033838272094727,22.780000686645508,22.780000686645508,22.780000686645508,22.780000686645508,100
2023-01-19,21.015371322631836,22.760000228881836,22.760000228881836,22.760000228881836,22.760000228881836,100
2023-01-20,20.932270050048828,22.670000076293945,22.670000076293945,22.670000076293945,22.670000076293945,100
2023-01-23,20.793764114379883,22.520000457763672,22.520000457763672,22.520000457763672,22.520000457763672,100
2023-01-24,20.867637634277344,22.600000381469727,22.600000381469727,22.600000381469727,22.600000381469727,100
2023-01-25,20.92303466796875,22.65999984741211,22.65999984741211,22.625999450683594,22.625999450683594,300
2023-01-26,20.858402252197266,22.59000015258789,22.59000015258789,22.59000015258789,22.59000015258789,100
2023-01-27,20.773454666137695,22.49799919128418,22.518999099731445,22.49799919128418,22.518999099731445,200
2023-01-30,20.557390213012695,22.263999938964844,22.263999938964844,22.263999938964844,22.263999938964844,100
2023-01-31,20.62757110595703,22.34000015258789,22.34000015258789,22.34000015258789,22.34000015258789,0
2023-02-01,20.839933395385742,22.56999969482422,22.56999969482422,22.56999969482422,22.56999969482422,100
2023-02-02,20.858402252197266,22.59000015258789,22.68000030517578,22.59000015258789,22.68000030517578,100
2023-02-03,20.443876266479492,22.094999313354492,22.094999313354492,22.094999313354492,22.094999313354492,0
2023-02-06,20.323593139648438,21.96500015258789,22.016000747680664,21.96500015258789,22.016000747680664,200
2023-02-07,20.429996490478516,22.079999923706055,22.114999771118164,22.079999923706055,22.09000015258789,1000
2023-02-08,20.52714729309082,22.184999465942383,22.184999465942383,22.184999465942383,22.184999465942383,100
2023-02-09,20.365230560302734,22.010000228881836,22.070999145507812,22.010000228881836,22.070999145507812,400
2023-02-10,20.281959533691406,21.920000076293945,21.920000076293945,21.920000076293945,21.920000076293945,0
2023-02-13,20.26251983642578,21.89900016784668,21.89900016784668,21.89900016784668,21.89900016784668,100
2023-02-14,20.092273712158203,21.71500015258789,21.71500015258789,21.71500015258789,21.71500015258789,100
2023-02-15,20.04231071472168,21.660999298095703,21.660999298095703,21.660999298095703,21.660999298095703,200
2023-02-16,20.11078453063965,21.735000610351562,21.735000610351562,21.735000610351562,21.735000610351562,0
2023-02-17,20.180177688598633,21.809999465942383,21.809999465942383,21.809999465942383,21.809999465942383,100
2023-02-21,20.17091941833496,21.799999237060547,21.799999237060547,21.799999237060547,21.799999237060547,100
2023-02-22,20.094125747680664,21.716999053955078,21.716999053955078,21.716999053955078,21.716999053955078,0
2023-02-23,20.169076919555664,21.79800033569336,21.809999465942383,21.79800033569336,21.809999465942383,100
2023-02-24,19.847074508666992,21.450000762939453,21.450000762939453,21.450000762939453,21.450000762939453,100
2023-02-27,19.90259552001953,21.510000228881836,21.510000228881836,21.510000228881836,21.510000228881836,100
2023-02-28,19.944232940673828,21.55500030517578,21.55500030517578,21.55500030517578,21.55500030517578,0
2023-03-01,19.851703643798828,21.454999923706055,21.454999923706055,21.43899917602539,21.43899917602539,400
2023-03-02,19.889636993408203,21.496000289916992,21.496000289916992,21.496000289916992,21.496000289916992,0
2023-03-03,20.06295394897461,21.64699935913086,21.64699935913086,21.64699935913086,21.64699935913086,0
2023-03-06,19.954519271850586,21.530000686645508,21.530000686645508,21.530000686645508,21.530000686645508,100
2023-03-07,19.71817398071289,21.274999618530273,21.274999618530273,21.274999618530273,21.274999618530273,100
2023-03-08,19.66720199584961,21.219999313354492,21.219999313354492,21.219999313354492,21.219999313354492,100
2023-03-09,19.843299865722656,21.40999984741211,21.40999984741211,21.40999984741211,21.40999984741211,100
2023-03-10,20.278911590576172,21.8799991607666,21.8799991607666,21.8799991607666,21.8799991607666,100
2023-03-13,20.682077407836914,22.315000534057617,22.315000534057617,22.315000534057617,22.315000534057617,0
2023-03-14,20.927682876586914,22.579999923706055,22.579999923706055,22.40999984741211,22.40999984741211,500
2023-03-15,21.22983169555664,22.9060001373291,22.9060001373291,22.9060001373291,22.9060001373291,100
2023-03-16,20.9721736907959,22.628000259399414,22.628000259399414,22.628000259399414,22.628000259399414,100
2023-03-17,21.10007095336914,22.766000747680664,22.766000747680664,22.766000747680664,22.766000747680664,100
2023-03-20,21.18256187438965,22.854999542236328,22.854999542236328,22.854999542236328,22.854999542236328,100
2023-03-21,20.94158935546875,22.594999313354492,22.594999313354492,22.594999313354492,22.594999313354492,100
2023-03-22,21.28914451599121,22.969999313354492,22.969999313354492,22.969999313354492,22.969999313354492,100
2023-03-23,21.454118728637695,23.148000717163086,23.148000717163086,23.148000717163086,23.148000717163086,100
2023-03-24,21.46616554260254,23.160999298095703,23.160999298095703,23.160999298095703,23.160999298095703,0
2023-03-27,21.315092086791992,22.99799919128418,22.99799919128418,22.99799919128418,22.99799919128418,100
2023-03-28,21.24280548095703,22.920000076293945,22.920000076293945,22.920000076293945,22.920000076293945,100
2023-03-29,21.15846061706543,22.82900047302246,22.82900047302246,22.82900047302246,22.82900047302246,100
2023-03-30,21.140859603881836,22.809999465942383,22.809999465942383,22.809999465942383,22.809999465942383,100
2023-03-31,21.249292373657227,22.927000045776367,22.927000045776367,22.927000045776367,22.927000045776367,100
2023-04-03,21.326215744018555,23.010000228881836,23.010000228881836,23.010000228881836,23.010000228881836,100
2023-04-04,21.50695037841797,23.204999923706055,23.204999923706055,23.204999923706055,23.204999923706055,0
2023-04-05,21.66214370727539,23.309999465942383,23.309999465942383,23.309999465942383,23.309999465942383,100
2023-04-06,21.703962326049805,23.354999542236328,23.354999542236328,23.354999542236328,23.354999542236328,100
2023-04-10,21.411230087280273,23.040000915527344,23.049999237060547,23.040000915527344,23.049999237060547,200
2023-04-11,21.299715042114258,22.920000076293945,22.954999923706055,22.920000076293945,22.95199966430664,500
2023-04-12,21.4205265045166,23.049999237060547,23.049999237060547,23.049999237060547,23.049999237060547,100
2023-04-13,21.40658187866211,23.03499984741211,23.03499984741211,23.03499984741211,23.03499984741211,100
2023-04-14,21.2764835357666,22.895000457763672,22.895000457763672,22.895000457763672,22.895000457763672,100
2023-04-17,21.076675415039062,22.68000030517578,22.68000030517578,22.68000030517578,22.68000030517578,100
2023-04-18,21.0673885345459,22.670000076293945,22.670000076293945,22.670000076293945,22.670000076293945,100
2023-04-19,21.020917892456055,22.6200008392334,22.6200008392334,22.6200008392334,22.6200008392334,100
2023-04-20,21.160320281982422,22.770000457763672,22.770000457763672,22.770000457763672,22.770000457763672,100
2023-04-21,21.211427688598633,22.825000762939453,22.825000762939453,22.825000762939453,22.825000762939453,100
2023-04-24,21.34617805480957,22.969999313354492,22.969999313354492,22.969999313354492,22.969999313354492,100
2023-04-25,21.727191925048828,23.3799991607666,23.3799991607666,23.3799991607666,23.3799991607666,100
2023-04-26,21.796894073486328,23.454999923706055,23.454999923706055,23.454999923706055,23.454999923706055,100
2023-04-27,21.536678314208984,23.174999237060547,23.200000762939453,23.174999237060547,23.200000762939453,200
2023-04-28,21.415878295898438,23.045000076293945,23.045000076293945,23.045000076293945,23.045000076293945,100
2023-05-01,21.309932708740234,22.930999755859375,22.930999755859375,22.930999755859375,22.930999755859375,100
2023-05-02,21.53854751586914,23.177000045776367,23.177000045776367,23.177000045776367,23.177000045776367,0
2023-05-03,21.82758903503418,23.40999984741211,23.40999984741211,23.40999984741211,23.40999984741211,0
2023-05-04,21.940410614013672,23.5310001373291,23.5310001373291,23.5310001373291,23.5310001373291,0
2023-05-05,21.90218162536621,23.489999771118164,23.489999771118164,23.489999771118164,23.489999771118164,100
2023-05-08,21.66442108154297,23.235000610351562,23.235000610351562,23.235000610351562,23.235000610351562,100
2023-05-09,21.715700149536133,23.290000915527344,23.290000915527344,23.290000915527344,23.290000915527344,100
2023-05-10,21.86488914489746,23.450000762939453,23.530000686645508,23.450000762939453,23.530000686645508,300
2023-05-11,21.86488914489746,23.450000762939453,23.450000762939453,23.450000762939453,23.450000762939453,100
2023-05-12,21.776309967041016,23.354999542236328,23.354999542236328,23.354999542236328,23.354999542236328,100
2023-05-15,21.69239044189453,23.264999389648438,23.264999389648438,23.264999389648438,23.264999389648438,100
2023-05-16,21.60381317138672,23.170000076293945,23.170000076293945,23.170000076293945,23.170000076293945,100
2023-05-17,21.557191848754883,23.1200008392334,23.1200008392334,23.1200008392334,23.1200008392334,100
2023-05-18,21.361387252807617,22.90999984741211,22.90999984741211,22.90999984741211,22.90999984741211,100
2023-05-19,21.202877044677734,22.739999771118164,22.739999771118164,22.739999771118164,22.739999771118164,0
2023-05-22,21.248567581176758,22.788999557495117,22.788999557495117,22.788999557495117,22.788999557495117,100
2023-05-23,21.305444717407227,22.850000381469727,22.850000381469727,22.850000381469727,22.850000381469727,100
2023-05-24,21.242971420288086,22.783000946044922,22.783000946044922,22.783000946044922,22.783000946044922,100
2023-05-25,21.030384063720703,22.55500030517578,22.55500030517578,22.55500030517578,22.55500030517578,100
2023-05-26,20.969778060913086,22.489999771118164,22.489999771118164,22.489999771118164,22.489999771118164,0
2023-05-30,21.109636306762695,22.639999389648438,22.639999389648438,22.510000228881836,22.510000228881836,200
2023-05-31,21.18330192565918,22.7189998626709,22.7189998626709,22.649999618530273,22.65999984741211,1300
2023-06-01,21.221527099609375,22.760000228881836,22.760000228881836,22.760000228881836,22.760000228881836,100
2023-06-02,21.016395568847656,22.540000915527344,22.540000915527344,22.540000915527344,22.540000915527344,100
2023-06-05,20.9836483001709,22.424999237060547,22.424999237060547,22.424999237060547,22.424999237060547,0
2023-06-06,20.913471221923828,22.350000381469727,22.350000381469727,22.350000381469727,22.350000381469727,0
2023-06-07,20.773107528686523,22.200000762939453,22.200000762939453,22.200000762939453,22.200000762939453,100
2023-06-08,20.876039505004883,22.309999465942383,22.309999465942383,22.309999465942383,22.309999465942383,100
2023-06-09,20.702930450439453,22.125,22.125,22.125,22.125,100
2023-06-12,20.65614128112793,22.075000762939453,22.075000762939453,22.075000762939453,22.075000762939453,0
2023-06-13,20.515779495239258,21.924999237060547,21.924999237060547,21.924999237060547,21.924999237060547,100
2023-06-14,20.408172607421875,21.809999465942383,21.809999465942383,21.809999465942383,21.809999465942383,100
2023-06-15,20.5251407623291,21.934999465942383,21.934999465942383,21.934999465942383,21.934999465942383,100
2023-06-16,20.483036041259766,21.889999389648438,21.889999389648438,21.889999389648438,21.889999389648438,100
2023-06-20,20.478357315063477,21.885000228881836,21.885000228881836,21.885000228881836,21.885000228881836,0
2023-06-21,20.553211212158203,21.96500015258789,21.96500015258789,21.96500015258789,21.96500015258789,100
2023-06-22,20.300565719604492,21.69499969482422,21.69499969482422,21.69499969482422,21.69499969482422,0
2023-06-23,20.314603805541992,21.709999084472656,21.709999084472656,21.709999084472656,21.709999084472656,0
2023-06-26,20.309925079345703,21.704999923706055,21.707000732421875,21.704999923706055,21.707000732421875,100
2023-06-27,20.23974609375,21.6299991607666,21.6299991607666,21.6299991607666,21.6299991607666,100
2023-06-28,20.33332061767578,21.729999542236328,21.729999542236328,21.729999542236328,21.729999542236328,0
2023-06-29,20.16488265991211,21.549999237060547,21.649999618530273,21.520000457763672,21.562000274658203,90900
2023-06-30,20.23038673400879,21.6200008392334,21.6200008392334,21.6200008392334,21.6200008392334,100
2023-07-03,20.141498565673828,21.524999618530273,21.549999237060547,21.524999618530273,21.549999237060547,700
2023-07-05,20.02639389038086,21.402000427246094,21.489999771118164,21.402000427246094,21.489999771118164,300
2023-07-06,19.902421951293945,21.190000534057617,21.219999313354492,21.190000534057617,21.209999084472656,500
2023-07-07,20.001039505004883,21.295000076293945,21.295000076293945,21.295000076293945,21.295000076293945,0
2023-07-10,20.048002243041992,21.344999313354492,21.344999313354492,21.344999313354492,21.344999313354492,100
2023-07-11,20.137229919433594,21.440000534057617,21.450000762939453,21.440000534057617,21.450000762939453,200
2023-07-12,20.35325813293457,21.670000076293945,21.690000534057617,21.65999984741211,21.65999984741211,400
2023-07-13,20.53171157836914,21.860000610351562,21.860000610351562,21.860000610351562,21.860000610351562,100
2023-07-14,20.414304733276367,21.735000610351562,21.809999465942383,21.735000610351562,21.809999465942383,100
2023-07-17,20.390825271606445,21.709999084472656,21.709999084472656,21.709999084472656,21.709999084472656,100
2023-07-18,20.400211334228516,21.719999313354492,21.719999313354492,21.719999313354492,21.719999313354492,100
2023-07-19,20.400211334228516,21.719999313354492,21.719999313354492,21.649999618530273,21.649999618530273,100
2023-07-20,20.372034072875977,21.690000534057617,21.690000534057617,21.649999618530273,21.649999618530273,100
2023-07-21,20.36734390258789,21.684999465942383,21.684999465942383,21.684999465942383,21.684999465942383,0
2023-07-24,20.29690170288086,21.610000610351562,21.610000610351562,21.610000610351562,21.610000610351562,0
2023-07-25,20.230215072631836,21.538999557495117,21.538999557495117,21.459999084472656,21.489999771118164,1100
2023-07-26,20.245243072509766,21.55500030517578,21.56999969482422,21.55500030517578,21.56999969482422,300
2023-07-27,20.137229919433594,21.440000534057617,21.56999969482422,21.440000534057617,21.520999908447266,300
2023-07-28,20.235849380493164,21.545000076293945,21.545000076293945,21.545000076293945,21.545000076293945,100
2023-07-31,20.227397918701172,21.535999298095703,21.535999298095703,21.479999542236328,21.479999542236328,400
2023-08-01,20.205795288085938,21.51300048828125,21.520000457763672,21.51300048828125,21.520000457763672,200
2023-08-02,20.19827651977539,21.5049991607666,21.559999465942383,21.5049991607666,21.559999465942383,200
2023-08-03,20.237857818603516,21.475000381469727,21.5,21.475000381469727,21.5,1300
2023-08-04,20.52058219909668,21.774999618530273,21.774999618530273,21.774999618530273,21.774999618530273,100
2023-08-07,20.5394287109375,21.795000076293945,21.795000076293945,21.795000076293945,21.795000076293945,100
2023-08-08,20.52058219909668,21.774999618530273,21.774999618530273,21.774999618530273,21.774999618530273,0
2023-08-09,20.49701690673828,21.75,21.799999237060547,21.75,21.799999237060547,600
2023-08-10,20.38864517211914,21.635000228881836,21.635000228881836,21.635000228881836,21.635000228881836,0
2023-08-11,20.321733474731445,21.56399917602539,21.56399917602539,21.56399917602539,21.56399917602539,100
2023-08-14,20.284984588623047,21.524999618530273,21.524999618530273,21.524999618530273,21.524999618530273,100
2023-08-15,20.110637664794922,21.34000015258789,21.34000015258789,21.34000015258789,21.34000015258789,100
2023-08-16,20.082366943359375,21.309999465942383,21.309999465942383,21.309999465942383,21.309999465942383,100
2023-08-17,20.110637664794922,21.34000015258789,21.34000015258789,21.34000015258789,21.34000015258789,100
2023-08-18,20.204877853393555,21.440000534057617,21.440000534057617,21.440000534057617,21.440000534057617,100
2023-08-21,20.167184829711914,21.399999618530273,21.399999618530273,21.399999618530273,21.399999618530273,0
2023-08-22,20.14832878112793,21.3799991607666,21.420000076293945,21.3799991607666,21.420000076293945,300
2023-08-23,20.200166702270508,21.434999465942383,21.434999465942383,21.434999465942383,21.434999465942383,100
2023-08-24,20.082366943359375,21.309999465942383,21.309999465942383,21.309999465942383,21.309999465942383,100
2023-08-25,20.035245895385742,21.260000228881836,21.260000228881836,21.260000228881836,21.260000228881836,100
2023-08-28,20.00226402282715,21.225000381469727,21.225000381469727,21.225000381469727,21.225000381469727,100
2023-08-29,20.129484176635742,21.360000610351562,21.360000610351562,21.360000610351562,21.360000610351562,100
2023-08-30,20.154926300048828,21.386999130249023,21.386999130249023,21.386999130249023,21.386999130249023,0
2023-08-31,20.159637451171875,21.392000198364258,21.392000198364258,21.392000198364258,21.392000198364258,100
2023-09-01,20.13890838623047,21.3700008392334,21.3700008392334,21.3700008392334,21.3700008392334,0
2023-09-05,20.06822967529297,21.295000076293945,21.295000076293945,21.295000076293945,21.295000076293945,100
2023-09-06,20.011507034301758,21.165000915527344,21.165000915527344,21.165000915527344,21.165000915527344,0
2023-09-07,20.035144805908203,21.190000534057617,21.190000534057617,21.177000045776367,21.177000045776367,1800
2023-09-08,20.15332794189453,21.315000534057617,21.315000534057617,21.315000534057617,21.315000534057617,0
2023-09-11,20.101320266723633,21.260000228881836,21.260000228881836,21.260000228881836,21.260000228881836,100
2023-09-12,20.101320266723633,21.260000228881836,21.290000915527344,21.260000228881836,21.290000915527344,300
2023-09-13,20.082408905029297,21.239999771118164,21.239999771118164,21.211999893188477,21.239999771118164,300
2023-09-14,20.011507034301758,21.165000915527344,21.165000915527344,21.165000915527344,21.165000915527344,100
2023-09-15,19.92640495300293,21.075000762939453,21.075000762939453,21.075000762939453,21.075000762939453,100
2023-09-18,19.931133270263672,21.079999923706055,21.09000015258789,21.079999923706055,21.09000015258789,300
2023-09-19,19.803483963012695,20.94499969482422,20.969999313354492,20.94499969482422,20.969999313354492,100
2023-09-20,19.74203109741211,20.8799991607666,20.8799991607666,20.8799991607666,20.8799991607666,100
2023-09-21,19.63330078125,20.764999389648438,20.764999389648438,20.764999389648438,20.764999389648438,100
2023-09-22,19.775127410888672,20.915000915527344,20.979000091552734,20.915000915527344,20.979000091552734,300
2023-09-25,19.765670776367188,20.905000686645508,20.91200065612793,20.905000686645508,20.91200065612793,600
2023-09-26,19.812946319580078,20.954999923706055,20.954999923706055,20.954999923706055,20.954999923706055,100
2023-09-27,19.820507049560547,20.96299934387207,20.96299934387207,20.96299934387207,20.96299934387207,100
2023-09-28,19.945314407348633,21.094999313354492,21.094999313354492,21.094999313354492,21.094999313354492,100
2023-09-29,19.960445404052734,21.111000061035156,21.111000061035156,21.111000061035156,21.111000061035156,100
2023-10-02,19.92167854309082,21.06999969482422,21.06999969482422,21.06999969482422,21.06999969482422,100
2023-10-03,19.88385581970215,21.030000686645508,21.030000686645508,21.030000686645508,21.030000686645508,100
2023-10-04,20.04225730895996,21.1299991607666,21.1299991607666,21.1299991607666,21.1299991607666,100
2023-10-05,19.985349655151367,21.06999969482422,21.06999969482422,21.06999969482422,21.06999969482422,100
2023-10-06,20.037519454956055,21.125,21.125,21.125,21.125,100
2023-10-09,20.231966018676758,21.329999923706055,21.329999923706055,21.329999923706055,21.329999923706055,0
2023-10-10,20.231966018676758,21.329999923706055,21.334999084472656,21.329999923706055,21.334999084472656,400
2023-10-11,20.227224349975586,21.325000762939453,21.375,21.325000762939453,21.375,300
2023-10-12,19.994834899902344,21.079999923706055,21.079999923706055,21.079999923706055,21.079999923706055,100
2023-10-13,20.09442901611328,21.184999465942383,21.184999465942383,21.110000610351562,21.139999389648438,3800
2023-10-16,20.013805389404297,21.100000381469727,21.100000381469727,21.100000381469727,21.100000381469727,100
2023-10-17,19.966379165649414,21.049999237060547,21.049999237060547,21.049999237060547,21.049999237060547,100
2023-10-18,19.866777420043945,20.94499969482422,20.959999084472656,20.94499969482422,20.959999084472656,200
2023-10-19,19.985349655151367,21.06999969482422,21.06999969482422,21.06999969482422,21.06999969482422,0
2023-10-20,20.137117385864258,21.229999542236328,21.229999542236328,21.229999542236328,21.229999542236328,100
2023-10-23,20.148500442504883,21.242000579833984,21.242000579833984,21.242000579833984,21.242000579833984,100
2023-10-24,20.099180221557617,21.190000534057617,21.190000534057617,21.190000534057617,21.190000534057617,100
2023-10-25,19.99957847595215,21.084999084472656,21.084999084472656,21.084999084472656,21.084999084472656,0
2023-10-26,20.11814308166504,21.209999084472656,21.209999084472656,21.176000595092773,21.176000595092773,300
2023-10-27,20.21299934387207,21.309999465942383,21.309999465942383,21.239999771118164,21.239999771118164,500
2023-10-30,20.22247886657715,21.31999969482422,21.31999969482422,21.31999969482422,21.31999969482422,100
2023-10-31,20.181692123413086,21.277000427246094,21.277000427246094,21.277000427246094,21.277000427246094,100
2023-11-01,20.246192932128906,21.344999313354492,21.344999313354492,21.344999313354492,21.344999313354492,200
2023-11-02,20.388473510742188,21.4950008392334,21.4950008392334,21.4950008392334,21.4950008392334,0
2023-11-03,20.466489791870117,21.510000228881836,21.510000228881836,21.510000228881836,21.510000228881836,100
2023-11-06,20.44270896911621,21.485000610351562,21.485000610351562,21.485000610351562,21.485000610351562,100
2023-11-07,20.47600555419922,21.520000457763672,21.520000457763672,21.5,21.5,100
2023-11-08,20.399892807006836,21.440000534057617,21.440000534057617,21.440000534057617,21.440000534057617,100
2023-11-09,20.166772842407227,21.19499969482422,21.31999969482422,21.19499969482422,21.31999969482422,300
2023-11-10,20.209592819213867,21.239999771118164,21.280000686645508,21.239999771118164,21.25,1300
2023-11-13,20.190561294555664,21.219999313354492,21.219999313354492,21.18000030517578,21.18000030517578,800
2023-11-14,20.347558975219727,21.385000228881836,21.385000228881836,21.385000228881836,21.385000228881836,100
2023-11-15,20.395130157470703,21.434999465942383,21.434999465942383,21.434999465942383,21.434999465942383,100
2023-11-16,20.3761043548584,21.415000915527344,21.415000915527344,21.415000915527344,21.415000915527344,100
2023-11-17,20.409400939941406,21.450000762939453,21.454999923706055,21.440000534057617,21.440000534057617,300
2023-11-20,20.3713436126709,21.40999984741211,21.40999984741211,21.40999984741211,21.40999984741211,100
2023-11-21,20.295225143432617,21.329999923706055,21.329999923706055,21.329999923706055,21.329999923706055,100
2023-11-22,20.347558975219727,21.385000228881836,21.385000228881836,21.385000228881836,21.385000228881836,100
2023-11-24,20.228622436523438,21.260000228881836,21.260000228881836,21.260000228881836,21.260000228881836,100
2023-11-27,20.261920928955078,21.295000076293945,21.295000076293945,21.295000076293945,21.295000076293945,100
2023-11-28,20.357070922851562,21.395000457763672,21.395000457763672,21.395000457763672,21.395000457763672,100
2023-11-29,20.556884765625,21.604999542236328,21.604999542236328,21.604999542236328,21.604999542236328,100
2023-11-30,20.49979591369629,21.545000076293945,21.545000076293945,21.545000076293945,21.545000076293945,100
2023-12-01,20.652986526489258,21.70599937438965,21.70599937438965,21.68000030517578,21.68000030517578,100
2023-12-04,20.64727783203125,21.700000762939453,21.700000762939453,21.690000534057617,21.690000534057617,200
2023-12-05,20.67685890197754,21.670000076293945,21.670000076293945,21.670000076293945,21.670000076293945,100
2023-12-06,20.67876625061035,21.672000885009766,21.672000885009766,21.672000885009766,21.672000885009766,0
2023-12-07,20.59002685546875,21.57900047302246,21.57900047302246,21.57900047302246,21.57900047302246,0
2023-12-08,20.555673599243164,21.542999267578125,21.542999267578125,21.542999267578125,21.542999267578125,100
2023-12-11,20.400144577026367,21.3799991607666,21.3799991607666,21.360000610351562,21.360000610351562,300
2023-12-12,20.352436065673828,21.329999923706055,21.329999923706055,21.329999923706055,21.329999923706055,100
2023-12-13,20.607200622558594,21.597000122070312,21.597000122070312,21.540000915527344,21.540000915527344,200
2023-12-14,20.910629272460938,21.915000915527344,21.915000915527344,21.915000915527344,21.915000915527344,100
2023-12-15,20.862918853759766,21.864999771118164,21.864999771118164,21.829999923706055,21.829999923706055,1200
2023-12-18,20.72170066833496,21.716999053955078,21.719999313354492,21.716999053955078,21.719999313354492,400
2023-12-19,20.744596481323242,21.740999221801758,21.740999221801758,21.740999221801758,21.740999221801758,0
2023-12-20,20.81998062133789,21.81999969482422,21.81999969482422,21.81999969482422,21.81999969482422,0
2023-12-21,20.834291458129883,21.834999084472656,21.850000381469727,21.834999084472656,21.850000381469727,100
2023-12-22,20.87723159790039,21.8799991607666,21.8799991607666,21.8799991607666,21.8799991607666,100
2023-12-26,20.882957458496094,21.88599967956543,21.88599967956543,21.88599967956543,21.88599967956543,100
2023-12-27,20.972646713256836,21.979999542236328,21.979999542236328,21.979999542236328,21.979999542236328,100
2023-12-28,20.8653507232666,21.780000686645508,21.780000686645508,21.780000686645508,21.780000686645508,100
2023-12-29,20.87493324279785,21.790000915527344,21.790000915527344,21.790000915527344,21.790000915527344,100
2024-01-02,20.87493324279785,21.790000915527344,21.790000915527344,21.790000915527344,21.790000915527344,100
2024-01-03,20.84619140625,21.760000228881836,21.780000686645508,21.760000228881836,21.780000686645508,400
2024-01-04,20.761890411376953,21.672000885009766,21.700000762939453,21.672000885009766,21.700000762939453,400
2024-01-05,20.669918060302734,21.576000213623047,21.576000213623047,21.576000213623047,21.576000213623047,200
2024-01-08,20.749433517456055,21.659000396728516,21.659000396728516,21.659000396728516,21.659000396728516,100
2024-01-09,20.733144760131836,21.642000198364258,21.642000198364258,21.642000198364258,21.642000198364258,100
2024-01-10,20.702491760253906,21.610000610351562,21.610000610351562,21.610000610351562,21.610000610351562,100
2024-01-11,20.788715362548828,21.700000762939453,21.700000762939453,21.700000762939453,21.700000762939453,100
2024-01-12,20.946779251098633,21.864999771118164,21.864999771118164,21.864999771118164,21.864999771118164,100
2024-01-16,20.96115493774414,21.8799991607666,21.90999984741211,21.8799991607666,21.90999984741211,300
2024-01-17,20.87493324279785,21.790000915527344,21.790000915527344,21.790000915527344,21.790000915527344,0
2024-01-18,20.769550323486328,21.68000030517578,21.68000030517578,21.68000030517578,21.68000030517578,100
2024-01-19,20.85097885131836,21.764999389648438,21.770000457763672,21.729999542236328,21.729999542236328,1600
2024-01-22,20.750389099121094,21.65999984741211,21.65999984741211,21.65999984741211,21.65999984741211,100
2024-01-23,20.72165298461914,21.6299991607666,21.6299991607666,21.6200008392334,21.6200008392334,100
2024-01-24,20.736026763916016,21.645000457763672,21.645000457763672,21.639999389648438,21.639999389648438,100
2024-01-25,20.783916473388672,21.69499969482422,21.69499969482422,21.639999389648438,21.639999389648438,200
2024-01-26,20.783916473388672,21.69499969482422,21.69499969482422,21.69499969482422,21.69499969482422,100
2024-01-29,20.80786895751953,21.719999313354492,21.719999313354492,21.719999313354492,21.719999313354492,100
2024-01-30,20.753263473510742,21.663000106811523,21.663000106811523,21.663000106811523,21.663000106811523,0
2024-01-31,20.759016036987305,21.66900062561035,21.66900062561035,21.66900062561035,21.66900062561035,200
2024-02-01,20.918996810913086,21.836000442504883,21.836000442504883,21.836000442504883,21.836000442504883,0
2024-02-02,20.683326721191406,21.59000015258789,21.59000015258789,21.59000015258789,21.59000015258789,0
2024-02-05,20.526981353759766,21.399999618530273,21.469999313354492,21.399999618530273,21.469999313354492,200
2024-02-06,20.545207977294922,21.41900062561035,21.41900062561035,21.41900062561035,21.41900062561035,100
2024-02-07,20.526981353759766,21.399999618530273,21.399999618530273,21.399999618530273,21.399999618530273,100
2024-02-08,20.47901725769043,21.350000381469727,21.3700008392334,21.350000381469727,21.3700008392334,1000
2024-02-09,20.488611221313477,21.360000610351562,21.3700008392334,21.34000015258789,21.3700008392334,500
2024-02-12,20.440650939941406,21.309999465942383,21.309999465942383,21.309999465942383,21.309999465942383,100
2024-02-13,20.354324340820312,21.219999313354492,21.219999313354492,21.219999313354492,21.219999313354492,100
2024-02-14,20.272790908813477,21.135000228881836,21.135000228881836,21.135000228881836,21.135000228881836,100
2024-02-15,20.37158966064453,21.238000869750977,21.238000869750977,21.238000869750977,21.238000869750977,100
2024-02-16,20.373504638671875,21.239999771118164,21.239999771118164,21.239999771118164,21.239999771118164,100
2024-02-20,20.315954208374023,21.18000030517578,21.18000030517578,21.18000030517578,21.18000030517578,100
2024-02-21,20.354324340820312,21.219999313354492,21.219999313354492,21.219999313354492,21.219999313354492,0
2024-02-22,20.274707794189453,21.136999130249023,21.200000762939453,21.136999130249023,21.200000762939453,1200
2024-02-23,20.239219665527344,21.100000381469727,21.100000381469727,21.100000381469727,21.100000381469727,100
2024-02-26,20.17782974243164,21.035999298095703,21.035999298095703,21.035999298095703,21.035999298095703,0
2024-02-27,20.143293380737305,21.0,21.0,21.0,21.0,100
2024-02-28,20.172075271606445,21.030000686645508,21.030000686645508,21.030000686645508,21.030000686645508,100
2024-02-29,20.249773025512695,21.111000061035156,21.111000061035156,21.111000061035156,21.111000061035156,100
2024-03-01,20.306364059448242,21.170000076293945,21.170000076293945,21.170000076293945,21.170000076293945,100
2024-03-04,20.36391830444336,21.229999542236328,21.229999542236328,21.229999542236328,21.229999542236328,100
2024-03-05,20.39560890197754,21.23699951171875,21.23699951171875,21.23699951171875,21.23699951171875,100
2024-03-06,20.345664978027344,21.184999465942383,21.184999465942383,21.184999465942383,21.184999465942383,100
2024-03-07,20.280363082885742,21.117000579833984,21.139999389648438,21.100000381469727,21.128999710083008,2800
2024-03-08,20.336063385009766,21.174999237060547,21.219999313354492,21.174999237060547,21.18000030517578,400
2024-03-11,20.369678497314453,21.209999084472656,21.260000228881836,21.209999084472656,21.260000228881836,500
2024-03-12,20.273637771606445,21.110000610351562,21.110000610351562,21.110000610351562,21.110000610351562,100
2024-03-13,20.182403564453125,21.014999389648438,21.014999389648438,21.014999389648438,21.014999389648438,100
2024-03-14,20.081565856933594,20.90999984741211,20.90999984741211,20.90999984741211,20.90999984741211,100
2024-03-15,20.028743743896484,20.854999542236328,20.854999542236328,20.854999542236328,20.854999542236328,100
2024-03-18,19.942310333251953,20.764999389648438,20.784000396728516,20.764999389648438,20.784000396728516,1200
2024-03-19,19.98552131652832,20.809999465942383,20.829999923706055,20.809999465942383,20.829999923706055,300
2024-03-20,20.058515548706055,20.88599967956543,20.88599967956543,20.88599967956543,20.88599967956543,100
2024-03-21,20.167997360229492,21.0,21.0,21.0,21.0,100
2024-03-22,20.18720817565918,21.020000457763672,21.020000457763672,21.020000457763672,21.020000457763672,100
2024-03-25,20.14879035949707,20.979999542236328,20.979999542236328,20.979999542236328,20.979999542236328,300
2024-03-26,20.129581451416016,20.959999084472656,20.959999084472656,20.959999084472656,20.959999084472656,100
2024-03-27,20.119983673095703,20.950000762939453,20.950000762939453,20.950000762939453,20.950000762939453,100
2024-03-28,20.139188766479492,20.969999313354492,20.969999313354492,20.969999313354492,20.969999313354492,100
2024-04-01,19.966320037841797,20.790000915527344,20.790000915527344,20.790000915527344,20.790000915527344,100
2024-04-02,19.966320037841797,20.790000915527344,20.790000915527344,20.790000915527344,20.790000915527344,100
2024-04-03,19.987497329711914,20.760000228881836,20.760000228881836,20.760000228881836,20.760000228881836,0
2024-04-04,20.031787872314453,20.805999755859375,20.809999465942383,20.805999755859375,20.809999465942383,100
2024-04-05,19.967281341552734,20.73900032043457,20.73900032043457,20.73900032043457,20.73900032043457,100
2024-04-08,19.910478591918945,20.68000030517578,20.68000030517578,20.68000030517578,20.68000030517578,100
2024-04-09,19.900848388671875,20.670000076293945,20.690000534057617,20.670000076293945,20.690000534057617,200
2024-04-10,19.7275447845459,20.489999771118164,20.489999771118164,20.489999771118164,20.489999771118164,100
2024-04-11,19.61201286315918,20.3700008392334,20.3700008392334,20.3700008392334,20.3700008392334,100
2024-04-12,19.68710708618164,20.447999954223633,20.447999954223633,20.447999954223633,20.447999954223633,100
2024-04-15,19.7275447845459,20.489999771118164,20.530000686645508,20.469999313354492,20.469999313354492,400
2024-04-16,19.676515579223633,20.437000274658203,20.459999084472656,20.437000274658203,20.459999084472656,400
2024-04-17,19.679407119750977,20.440000534057617,20.440000534057617,20.440000534057617,20.440000534057617,100
2024-04-18,19.631263732910156,20.389999389648438,20.389999389648438,20.389999389648438,20.389999389648438,100
2024-04-19,19.619712829589844,20.378000259399414,20.378000259399414,20.378000259399414,20.378000259399414,100
2024-04-22,19.631263732910156,20.389999389648438,20.389999389648438,20.389999389648438,20.389999389648438,100
2024-04-23,19.544612884521484,20.299999237060547,20.3700008392334,20.299999237060547,20.329999923706055,95900
2024-04-24,19.559059143066406,20.315000534057617,20.315000534057617,20.315000534057617,20.315000534057617,100
2024-04-25,19.568689346313477,20.325000762939453,20.325000762939453,20.325000762939453,20.325000762939453,100
2024-04-26,19.584091186523438,20.340999603271484,20.340999603271484,20.340999603271484,20.340999603271484,100
2024-04-29,19.579275131225586,20.336000442504883,20.336000442504883,20.336000442504883,20.336000442504883,100
2024-04-30,19.492624282836914,20.246000289916992,20.246000289916992,20.246000289916992,20.246000289916992,100
2024-05-01,19.47914695739746,20.23200035095215,20.25,20.23200035095215,20.25,100
2024-05-02,19.602384567260742,20.360000610351562,20.360000610351562,20.360000610351562,20.360000610351562,100
2024-05-03,19.730863571166992,20.424999237060547,20.424999237060547,20.424999237060547,20.424999237060547,100
2024-05-06,19.76466941833496,20.459999084472656,20.459999084472656,20.459999084472656,20.459999084472656,100
2024-05-07,19.726030349731445,20.420000076293945,20.420000076293945,20.420000076293945,20.420000076293945,100
2024-05-08,19.66130828857422,20.35300064086914,20.35300064086914,20.35300064086914,20.35300064086914,100
2024-05-09,19.716373443603516,20.40999984741211,20.40999984741211,20.40999984741211,20.40999984741211,100
2024-05-10,19.70671272277832,20.399999618530273,20.399999618530273,20.399999618530273,20.399999618530273,200
2024-05-13,19.668073654174805,20.360000610351562,20.360000610351562,20.360000610351562,20.360000610351562,100
2024-05-14,19.735692977905273,20.43000030517578,20.43000030517578,20.43000030517578,20.43000030517578,1200
2024-05-15,19.837127685546875,20.53499984741211,20.53499984741211,20.53499984741211,20.53499984741211,100
2024-05-16,19.827465057373047,20.524999618530273,20.524999618530273,20.524999618530273,20.524999618530273,100
2024-05-17,19.75018310546875,20.44499969482422,20.44499969482422,20.44499969482422,20.44499969482422,100
2024-05-20,19.721202850341797,20.415000915527344,20.440000534057617,20.415000915527344,20.440000534057617,100
2024-05-21,19.7453556060791,20.440000534057617,20.440000534057617,20.440000534057617,20.440000534057617,0
2024-05-22,19.701885223388672,20.395000457763672,20.395000457763672,20.395000457763672,20.395000457763672,100
2024-05-23,19.576297760009766,20.264999389648438,20.264999389648438,20.264999389648438,20.264999389648438,100
2024-05-24,19.581130981445312,20.270000457763672,20.270000457763672,20.270000457763672,20.270000457763672,100
2024-05-28,19.50385093688965,20.190000534057617,20.190000534057617,20.190000534057617,20.190000534057617,100
2024-05-29,19.523164749145508,20.209999084472656,20.209999084472656,20.209999084472656,20.209999084472656,0
2024-05-30,19.610109329223633,20.299999237060547,20.301000595092773,20.299999237060547,20.301000595092773,400
2024-05-31,19.695125579833984,20.38800048828125,20.38800048828125,20.38800048828125,20.38800048828125,100
2024-06-03,19.803314208984375,20.5,20.510000228881836,20.5,20.510000228881836,21400
2024-06-04,19.887359619140625,20.586999893188477,20.586999893188477,20.549999237060547,20.549999237060547,200
2024-06-05,19.93290901184082,20.56599998474121,20.56599998474121,20.56599998474121,20.56599998474121,22000
2024-06-06,19.912559509277344,20.545000076293945,20.545000076293945,20.530000686645508,20.530000686645508,25100
2024-06-07,19.79722023010254,20.426000595092773,20.450000762939453,20.389999389648438,20.399999618530273,9800
2024-06-10,19.683820724487305,20.30900001525879,20.30900001525879,20.30900001525879,20.30900001525879,100
2024-06-11,19.723562240600586,20.350000381469727,20.350000381469727,20.350000381469727,20.350000381469727,100
2024-06-12,19.762327194213867,20.389999389648438,20.440000534057617,20.389999389648438,20.440000534057617,3400
2024-06-13,19.89898681640625,20.5310001373291,20.5310001373291,20.5310001373291,20.5310001373291,100
2024-06-14,19.936784744262695,20.56999969482422,20.56999969482422,20.56999969482422,20.56999969482422,100
2024-06-17,19.820486068725586,20.450000762939453,20.5,20.450000762939453,20.5,11800
2024-06-18,19.86894416809082,20.5,20.5,20.489999771118164,20.489999771118164,6200
2024-06-20,19.92709732055664,20.559999465942383,20.559999465942383,20.559999465942383,20.559999465942383,100
2024-06-21,19.907711029052734,20.540000915527344,20.540000915527344,20.540000915527344,20.540000915527344,100
2024-06-24,19.908681869506836,20.541000366210938,20.541000366210938,20.541000366210938,20.541000366210938,100
2024-06-25,19.907711029052734,20.540000915527344,20.540000915527344,20.540000915527344,20.540000915527344,100
2024-06-26,19.8592472076416,20.489999771118164,20.489999771118164,20.489999771118164,20.489999771118164,100
2024-06-27,19.83986473083496,20.469999313354492,20.549999237060547,20.469999313354492,20.549999237060547,3200
2024-06-28,19.840837478637695,20.47100067138672,20.47100067138672,20.47100067138672,20.47100067138672,100
2024-07-01,19.842775344848633,20.472999572753906,20.472999572753906,20.472999572753906,20.472999572753906,100
2024-07-02,19.91739845275879,20.549999237060547,20.610000610351562,20.549999237060547,20.56999969482422,7700
2024-07-03,19.983530044555664,20.549999237060547,20.549999237060547,20.530000686645508,20.530000686645508,500
2024-07-05,20.041873931884766,20.610000610351562,20.610000610351562,20.559999465942383,20.559999465942383,400
2024-07-08,20.139114379882812,20.709999084472656,20.729999542236328,20.65999984741211,20.65999984741211,1200
2024-07-09,20.048683166503906,20.617000579833984,20.617000579833984,20.617000579833984,20.617000579833984,100
2024-07-10,20.100223541259766,20.670000076293945,20.670000076293945,20.670000076293945,20.670000076293945,100
2024-07-11,20.148841857910156,20.719999313354492,20.759000778198242,20.719999313354492,20.75,900
2024-07-12,20.19940948486328,20.77199935913086,20.77199935913086,20.77199935913086,20.77199935913086,100
2024-07-15,20.29956817626953,20.875,20.8799991607666,20.875,20.8799991607666,300
2024-07-16,20.37250328063965,20.950000762939453,20.950000762939453,20.93000030517578,20.93000030517578,600
2024-07-17,20.311241149902344,20.886999130249023,20.886999130249023,20.886999130249023,20.886999130249023,0
2024-07-18,20.284982681274414,20.860000610351562,20.860000610351562,20.860000610351562,20.860000610351562,100
2024-07-19,20.23636245727539,20.809999465942383,20.809999465942383,20.809999465942383,20.809999465942383,0
2024-07-22,20.168291091918945,20.739999771118164,20.760000228881836,20.739999771118164,20.760000228881836,29000
2024-07-23,20.212051391601562,20.78499984741211,20.809999465942383,20.78499984741211,20.790000915527344,2100
2024-07-24,20.22469711303711,20.79800033569336,20.8700008392334,20.79800033569336,20.860000610351562,12200
2024-07-25,20.33360481262207,20.90999984741211,20.920000076293945,20.90999984741211,20.920000076293945,200
2024-07-26,20.292762756347656,20.868000030517578,20.868999481201172,20.868000030517578,20.868999481201172,200
2024-07-29,20.353052139282227,20.93000030517578,20.93000030517578,20.93000030517578,20.93000030517578,100
2024-07-30,20.34332847595215,20.920000076293945,20.920000076293945,20.899999618530273,20.899999618530273,300
2024-07-31,20.42209815979004,21.000999450683594,21.000999450683594,21.000999450683594,21.000999450683594,100
2024-08-01,20.477527618408203,21.058000564575195,21.058000564575195,21.058000564575195,21.058000564575195,100
2024-08-02,20.692434310913086,21.27899932861328,21.27899932861328,21.25,21.25,800
2024-08-05,20.867008209228516,21.395999908447266,21.420000076293945,21.34000015258789,21.371000289916992,2400
2024-08-06,20.69536018371582,21.219999313354492,21.219999313354492,21.219999313354492,21.219999313354492,100
2024-08-07,20.6368408203125,21.15999984741211,21.15999984741211,21.149999618530273,21.149999618530273,400
2024-08-08,20.65634536743164,21.18000030517578,21.18000030517578,21.18000030517578,21.18000030517578,0
2024-08-09,20.64854621887207,21.172000885009766,21.172000885009766,21.172000885009766,21.172000885009766,100
2024-08-12,20.6387939453125,21.16200065612793,21.16200065612793,21.15999984741211,21.15999984741211,300
2024-08-13,20.744123458862305,21.270000457763672,21.270000457763672,21.270000457763672,21.270000457763672,100
2024-08-14,20.749000549316406,21.274999618530273,21.274999618530273,21.274999618530273,21.274999618530273,100
2024-08-15,20.651473999023438,21.174999237060547,21.174999237060547,21.148000717163086,21.148000717163086,200
2024-08-16,20.496402740478516,21.016000747680664,21.016000747680664,21.016000747680664,21.016000747680664,100
2024-08-19,20.514930725097656,21.03499984741211,21.079999923706055,21.024999618530273,21.024999618530273,400
2024-08-20,20.553945541381836,21.075000762939453,21.075000762939453,21.075000762939453,21.075000762939453,0
2024-08-21,20.654396057128906,21.17799949645996,21.17799949645996,21.17799949645996,21.17799949645996,100
2024-08-22,20.661224365234375,21.184999465942383,21.184999465942383,21.15999984741211,21.170000076293945,400
2024-08-23,20.7294921875,21.2549991607666,21.2549991607666,21.2549991607666,21.2549991607666,100
2024-08-26,20.799713134765625,21.32699966430664,21.343000411987305,21.32699966430664,21.343000411987305,700
2024-08-27,20.827022552490234,21.354999542236328,21.354999542236328,21.354999542236328,21.354999542236328,100
2024-08-28,20.886516571044922,21.416000366210938,21.416000366210938,21.416000366210938,21.416000366210938,0
2024-08-29,20.885536193847656,21.415000915527344,21.415000915527344,21.415000915527344,21.415000915527344,100
2024-08-30,20.792884826660156,21.31999969482422,21.3799991607666,21.31999969482422,21.3799991607666,300
2024-09-03,20.8172664642334,21.344999313354492,21.3799991607666,21.344999313354492,21.3799991607666,2500
2024-09-04,20.85530662536621,21.384000778198242,21.384000778198242,21.384000778198242,21.384000778198242,100
2024-09-05,20.8973445892334,21.375,21.375,21.375,21.375,100
2024-09-06,20.892454147338867,21.3700008392334,21.3799991607666,21.3700008392334,21.3799991607666,3300
2024-09-09,21.04399299621582,21.524999618530273,21.524999618530273,21.40999984741211,21.40999984741211,5400
2024-09-10,21.100698471069336,21.58300018310547,21.584999084472656,21.559999465942383,21.559999465942383,2400
2024-09-11,21.068431854248047,21.549999237060547,21.610000610351562,21.549999237060547,21.594999313354492,1100
2024-09-12,21.022483825683594,21.503000259399414,21.503000259399414,21.485000610351562,21.485000610351562,200
2024-09-13,21.100698471069336,21.58300018310547,21.59000015258789,21.58300018310547,21.59000015258789,100
2024-09-16,21.177932739257812,21.66200065612793,21.66200065612793,21.66200065612793,21.66200065612793,100
2024-09-17,21.08798599243164,21.56999969482422,21.56999969482422,21.56999969482422,21.56999969482422,100
2024-09-18,20.942317962646484,21.42099952697754,21.540000915527344,21.42099952697754,21.469999313354492,600
2024-09-19,20.965778350830078,21.44499969482422,21.44499969482422,21.440000534057617,21.440000534057617,200
2024-09-20,21.06256675720215,21.54400062561035,21.54400062561035,21.5049991607666,21.5049991607666,4000
2024-09-23,21.083099365234375,21.565000534057617,21.610000610351562,21.559999465942383,21.559999465942383,1100
2024-09-24,21.12122917175293,21.604000091552734,21.604000091552734,21.604000091552734,21.604000091552734,100
2024-09-25,21.10264778137207,21.584999084472656,21.68000030517578,21.584999084472656,21.6299991607666,600
2024-09-26,21.083099365234375,21.565000534057617,21.56999969482422,21.549999237060547,21.549999237060547,400
2024-09-27,21.02444076538086,21.5049991607666,21.5049991607666,21.5049991607666,21.5049991607666,100
2024-09-30,21.046924591064453,21.527999877929688,21.549999237060547,21.527999877929688,21.549999237060547,900
2024-10-01,21.058656692504883,21.540000915527344,21.559999465942383,21.52400016784668,21.530000686645508,5600
2024-10-02,21.040081024169922,21.520999908447266,21.540000915527344,21.40999984741211,21.440000534057617,6600
2024-10-03,20.96855354309082,21.399999618530273,21.450000762939453,21.399999618530273,21.450000762939453,300
2024-10-04,20.72065544128418,21.14699935913086,21.18000030517578,21.14699935913086,21.18000030517578,1800
2024-10-07,20.452177047729492,20.87299919128418,20.87299919128418,20.87299919128418,20.87299919128418,100
2024-10-08,20.428665161132812,20.849000930786133,20.850000381469727,20.809999465942383,20.809999465942383,800
2024-10-09,20.473735809326172,20.895000457763672,20.93000030517578,20.8799991607666,20.8799991607666,500
2024-10-10,20.49627113342285,20.917999267578125,20.917999267578125,20.917999267578125,20.917999267578125,100
2024-10-11,20.57172203063965,20.9950008392334,21.006000518798828,20.9950008392334,21.006000518798828,100
2024-10-14,20.57073974609375,20.993999481201172,20.993999481201172,20.950000762939453,20.950000762939453,100
2024-10-15,20.650104522705078,21.075000762939453,21.09000015258789,21.06999969482422,21.09000015258789,20300
2024-10-16,20.566822052001953,20.989999771118164,20.989999771118164,20.989999771118164,20.989999771118164,100
2024-10-17,20.537424087524414,20.959999084472656,20.959999084472656,20.959999084472656,20.959999084472656,100
2024-10-18,20.60601234436035,21.030000686645508,21.030000686645508,21.030000686645508,21.030000686645508,100
2024-10-21,20.528606414794922,20.951000213623047,21.010000228881836,20.950000762939453,20.95400047302246,4800
2024-10-22,20.55604362487793,20.979000091552734,20.979000091552734,20.979000091552734,20.979000091552734,100
2024-10-23,20.454139709472656,20.875,20.875,20.875,20.875,100
2024-10-24,20.405147552490234,20.825000762939453,20.825000762939453,20.825000762939453,20.825000762939453,100
2024-10-25,20.336557388305664,20.7549991607666,20.7549991607666,20.7549991607666,20.7549991607666,100
2024-10-28,20.25817108154297,20.674999237060547,20.674999237060547,20.674999237060547,20.674999237060547,100
2024-10-29,20.284626007080078,20.70199966430664,20.70199966430664,20.70199966430664,20.70199966430664,100
2024-10-30,20.31304168701172,20.731000900268555,20.731000900268555,20.731000900268555,20.731000900268555,100
2024-10-31,20.171945571899414,20.586999893188477,20.586999893188477,20.586999893188477,20.586999893188477,100
2024-11-01,20.073959350585938,20.48699951171875,20.48699951171875,20.48699951171875,20.48699951171875,100
2024-11-04,20.13079071044922,20.545000076293945,20.559999465942383,20.520000457763672,20.55500030517578,1600
2024-11-05,20.091533660888672,20.47100067138672,20.47100067138672,20.47100067138672,20.47100067138672,100
2024-11-06,19.963945388793945,20.340999603271484,20.340999603271484,20.340999603271484,20.340999603271484,100
2024-11-07,20.06012725830078,20.43899917602539,20.43899917602539,20.43899917602539,20.43899917602539,200
2024-11-08,20.097421646118164,20.476999282836914,20.476999282836914,20.476999282836914,20.476999282836914,100
2024-11-11,19.958051681518555,20.334999084472656,20.334999084472656,20.334999084472656,20.334999084472656,100
2024-11-12,19.8500919342041,20.225000381469727,20.225000381469727,20.225000381469727,20.225000381469727,100
2024-11-13,19.83046531677246,20.204999923706055,20.204999923706055,20.204999923706055,20.204999923706055,200
2024-11-14,19.878555297851562,20.253999710083008,20.329999923706055,20.253999710083008,20.329999923706055,300
2024-11-15,19.814762115478516,20.18899917602539,20.18899917602539,20.139999389648438,20.139999389648438,200
2024-11-18,19.889352798461914,20.264999389648438,20.264999389648438,20.264999389648438,20.264999389648438,100
2024-11-19,19.911924362182617,20.288000106811523,20.288000106811523,20.288000106811523,20.288000106811523,100
2024-11-20,19.902109146118164,20.277999877929688,20.277999877929688,20.277999877929688,20.277999877929688,100
2024-11-21,19.85892677307129,20.233999252319336,20.233999252319336,20.233999252319336,20.233999252319336,100
2024-11-22,19.8255558013916,20.200000762939453,20.209999084472656,20.200000762939453,20.209999084472656,200
2024-11-25,19.887388229370117,20.26300048828125,20.26300048828125,20.26300048828125,20.26300048828125,100
2024-11-26,19.820650100708008,20.19499969482422,20.19499969482422,20.19499969482422,20.19499969482422,100
2024-11-27,19.900148391723633,20.275999069213867,20.290000915527344,20.275999069213867,20.290000915527344,2200
2024-11-29,19.96885108947754,20.34600067138672,20.34600067138672,20.34600067138672,20.34600067138672,100
2024-12-02,19.9237003326416,20.299999237060547,20.299999237060547,20.260000228881836,20.280000686645508,11100
2024-12-03,19.899166107177734,20.274999618530273,20.290000915527344,20.274999618530273,20.290000915527344,700
2024-12-04,19.9915771484375,20.334999084472656,20.334999084472656,20.334999084472656,20.334999084472656,100
2024-12-05,19.976829528808594,20.31999969482422,20.31999969482422,20.309999465942383,20.309999465942383,2900
2024-12-06,19.947338104248047,20.290000915527344,20.290000915527344,20.290000915527344,20.290000915527344,100
2024-12-09,19.924726486206055,20.267000198364258,20.280000686645508,20.267000198364258,20.280000686645508,600
2024-12-10,19.921777725219727,20.263999938964844,20.263999938964844,20.263999938964844,20.263999938964844,100
2024-12-11,19.853940963745117,20.19499969482422,20.19499969482422,20.19499969482422,20.19499969482422,100
2024-12-12,19.839197158813477,20.18000030517578,20.18000030517578,20.18000030517578,20.18000030517578,100
2024-12-13,19.80478858947754,20.145000457763672,20.145000457763672,20.145000457763672,20.145000457763672,100
2024-12-16,19.785127639770508,20.125,20.125,20.125,20.125,100
2024-12-17,19.74088478088379,20.079999923706055,20.09000015258789,20.06999969482422,20.09000015258789,22900
2024-12-18,19.608165740966797,19.94499969482422,20.08799934387207,19.94499969482422,20.08799934387207,300
2024-12-19,19.475444793701172,19.809999465942383,19.850000381469727,19.809999465942383,19.850000381469727,300
2024-12-20,19.60325050354004,19.940000534057617,19.940000534057617,19.940000534057617,19.940000534057617,100
2024-12-23,19.56884002685547,19.905000686645508,19.905000686645508,19.905000686645508,19.905000686645508,600
2024-12-24,19.608165740966797,19.94499969482422,19.950000762939453,19.92300033569336,19.92300033569336,200
2024-12-26,19.627826690673828,19.96500015258789,19.96500015258789,19.96500015258789,19.96500015258789,200
2024-12-27,19.617996215820312,19.954999923706055,19.961999893188477,19.954999923706055,19.961999893188477,200
2024-12-30,19.699129104614258,19.90999984741211,19.90999984741211,19.90999984741211,19.90999984741211,100
2024-12-31,19.728811264038086,19.940000534057617,19.950000762939453,19.940000534057617,19.950000762939453,200
2025-01-02,19.72386360168457,19.934999465942383,20.020000457763672,19.934999465942383,19.979999542236328,9000
2025-01-03,19.689233779907227,19.899999618530273,19.899999618530273,19.899999618530273,19.899999618530273,100
2025-01-06,19.634815216064453,19.844999313354492,19.844999313354492,19.844999313354492,19.844999313354492,100
2025-01-07,19.681318283081055,19.892000198364258,19.892000198364258,19.854999542236328,19.854999542236328,200
2025-01-08,19.82082748413086,20.033000946044922,20.049999237060547,20.0,20.0,2800
2025-01-10,19.7337589263916,19.94499969482422,19.94499969482422,19.8799991607666,19.8799991607666,600
2025-01-13,19.59524154663086,19.80500030517578,19.860000610351562,19.80500030517578,19.860000610351562,500
2025-01-14,19.61503028869629,19.825000762939453,19.825000762939453,19.825000762939453,19.825000762939453,100
2025-01-15,19.827754974365234,20.040000915527344,20.040000915527344,20.040000915527344,20.040000915527344,100
2025-01-16,19.852489471435547,20.065000534057617,20.065000534057617,20.065000534057617,20.065000534057617,100
2025-01-17,19.852489471435547,20.065000534057617,20.065000534057617,20.049999237060547,20.049999237060547,300
2025-01-21,19.81785774230957,20.030000686645508,20.030000686645508,20.020000457763672,20.020000457763672,100
2025-01-22,19.704076766967773,19.915000915527344,19.915000915527344,19.915000915527344,19.915000915527344,100
2025-01-23,19.74266242980957,19.95400047302246,19.95400047302246,19.95400047302246,19.95400047302246,100
2025-01-24,19.81488800048828,20.027000427246094,20.030000686645508,20.020999908447266,20.020999908447266,900
2025-01-27,19.911853790283203,20.125,20.125,20.125,20.125,100
2025-01-28,19.92669105529785,20.139999389648438,20.139999389648438,20.139999389648438,20.139999389648438,100
2025-01-29,19.867326736450195,20.079999923706055,20.104999542236328,20.079999923706055,20.104999542236328,100
2025-01-30,19.861391067504883,20.073999404907227,20.073999404907227,20.073999404907227,20.073999404907227,100
2025-01-31,19.860401153564453,20.072999954223633,20.079999923706055,20.072999954223633,20.079999923706055,1200
2025-02-03,19.92283058166504,20.104999542236328,20.18000030517578,20.094999313354492,20.18000030517578,14400
2025-02-04,19.89805793762207,20.079999923706055,20.079999923706055,20.030000686645508,20.030000686645508,100
2025-02-05,20.00705909729004,20.190000534057617,20.19499969482422,20.18000030517578,20.18000030517578,1300
2025-02-06,19.912921905517578,20.094999313354492,20.094999313354492,20.094999313354492,20.094999313354492,100
2025-02-07,19.863372802734375,20.045000076293945,20.045000076293945,20.045000076293945,20.045000076293945,100
2025-02-10,19.833646774291992,20.014999389648438,20.014999389648438,20.014999389648438,20.014999389648438,100
2025-02-11,19.838600158691406,20.020000457763672,20.020000457763672,20.010000228881836,20.010000228881836,500
2025-02-12,19.74842643737793,19.929000854492188,19.93000030517578,19.929000854492188,19.93000030517578,300
2025-02-13,19.838600158691406,20.020000457763672,20.020000457763672,19.989999771118164,19.989999771118164,400
2025-02-14,19.8485107421875,20.030000686645508,20.030000686645508,20.030000686645508,20.030000686645508,100
2025-02-18,19.810855865478516,19.992000579833984,19.992000579833984,19.992000579833984,19.992000579833984,100
2025-02-19,19.833646774291992,20.014999389648438,20.014999389648438,20.014999389648438,20.014999389648438,100
2025-02-20,19.919857025146484,20.101999282836914,20.101999282836914,20.100000381469727,20.100000381469727,100
2025-02-21,19.917877197265625,20.100000381469727,20.100000381469727,20.09000015258789,20.09000015258789,100
2025-02-24,19.96246910095215,20.145000457763672,20.149999618530273,20.1200008392334,20.1200008392334,4800
2025-02-25,20.086336135864258,20.270000457763672,20.290000915527344,20.270000457763672,20.290000915527344,800
2025-02-26,20.09624671936035,20.280000686645508,20.280000686645508,20.25,20.25,400
2025-02-27,20.089311599731445,20.273000717163086,20.280000686645508,20.260000228881836,20.260000228881836,300
2025-02-28,20.271642684936523,20.457000732421875,20.457000732421875,20.3700008392334,20.3700008392334,1100
2025-03-03,20.36691665649414,20.52199935913086,20.52199935913086,20.459999084472656,20.459999084472656,200
2025-03-04,20.270648956298828,20.424999237060547,20.548999786376953,20.424999237060547,20.548999786376953,500
2025-03-05,20.228967666625977,20.382999420166016,20.382999420166016,20.382999420166016,20.382999420166016,100
2025-03-06,20.2309513092041,20.385000228881836,20.385000228881836,20.299999237060547,20.299999237060547,4600
2025-03-07,20.240877151489258,20.395000457763672,20.395000457763672,20.395000457763672,20.395000457763672,200
2025-03-10,20.33416748046875,20.48900032043457,20.48900032043457,20.48900032043457,20.48900032043457,100
2025-03-11,20.35004425048828,20.5049991607666,20.540000915527344,20.5049991607666,20.540000915527344,100
2025-03-12,20.320270538330078,20.475000381469727,20.475000381469727,20.475000381469727,20.475000381469727,100
2025-03-13,20.326229095458984,20.481000900268555,20.481000900268555,20.481000900268555,20.481000900268555,100
2025-03-14,20.282560348510742,20.437000274658203,20.437000274658203,20.437000274658203,20.437000274658203,100
2025-03-17,20.2011775970459,20.354999542236328,20.389999389648438,20.354999542236328,20.389999389648438,100
2025-03-18,20.179344177246094,20.33300018310547,20.33300018310547,20.33300018310547,20.33300018310547,100
2025-03-19,20.28057289123535,20.434999465942383,20.434999465942383,20.434999465942383,20.434999465942383,100
2025-03-20,20.359970092773438,20.514999389648438,20.514999389648438,20.51099967956543,20.514999389648438,1000
2025-03-21,20.390735626220703,20.54599952697754,20.54599952697754,20.54599952697754,20.54599952697754,100
2025-03-24,20.335159301757812,20.489999771118164,20.489999771118164,20.489999771118164,20.489999771118164,100
2025-03-25,20.311338424682617,20.465999603271484,20.465999603271484,20.465999603271484,20.465999603271484,100
2025-03-26,20.343097686767578,20.49799919128418,20.49799919128418,20.49799919128418,20.49799919128418,100
2025-03-27,20.37981605529785,20.53499984741211,20.53499984741211,20.53499984741211,20.53499984741211,100
2025-03-28,20.588232040405273,20.7450008392334,20.7450008392334,20.709999084472656,20.709999084472656,200
2025-03-31,20.664649963378906,20.82200050354004,20.829999923706055,20.82200050354004,20.829999923706055,400
2025-04-01,20.6179256439209,20.739999771118164,20.829999923706055,20.739999771118164,20.799999237060547,1000
2025-04-02,20.544363021850586,20.666000366210938,20.666000366210938,20.666000366210938,20.666000366210938,100
2025-04-03,20.773008346557617,20.895999908447266,21.06999969482422,20.895999908447266,21.020000457763672,800
2025-04-04,21.010601043701172,21.135000228881836,21.920000076293945,21.135000228881836,21.920000076293945,1900
2025-04-07,20.639795303344727,20.761999130249023,20.80500030517578,20.540000915527344,20.54800033569336,2800
2025-04-08,20.742189407348633,20.864999771118164,20.864999771118164,20.864999771118164,20.864999771118164,100
2025-04-09,20.70242691040039,20.825000762939453,20.89699935913086,20.825000762939453,20.89699935913086,300
2025-04-10,20.428050994873047,20.548999786376953,21.360000610351562,20.209999084472656,20.40999984741211,5200
2025-04-11,20.35448455810547,20.475000381469727,20.5,20.475000381469727,20.5,100
2025-04-14,20.58611297607422,20.70800018310547,20.70800018310547,20.70800018310547,20.70800018310547,100
2025-04-15,20.725290298461914,20.847999572753906,20.847999572753906,20.847999572753906,20.847999572753906,100
2025-04-16,20.761077880859375,20.884000778198242,20.884000778198242,20.850000381469727,20.850000381469727,200
2025-04-17,20.87142562866211,20.9950008392334,20.9950008392334,20.979999542236328,20.979999542236328,100
2025-04-21,20.905223846435547,21.02899932861328,21.149999618530273,21.02899932861328,21.110000610351562,2600
2025-04-22,20.942007064819336,21.06599998474121,21.06599998474121,21.059999465942383,21.059999465942383,1100
2025-04-23,21.000659942626953,21.125,21.125,21.125,21.125,100
2025-04-24,21.010601043701172,21.135000228881836,21.135000228881836,21.100000381469727,21.100000381469727,900
2025-04-25,21.075220108032227,21.200000762939453,21.200000762939453,21.200000762939453,21.200000762939453,200
2025-04-28,21.090129852294922,21.21500015258789,21.219999313354492,21.209999084472656,21.219999313354492,400
2025-04-29,21.28895378112793,21.415000915527344,21.440000534057617,21.381000518798828,21.389999389648438,1500
2025-04-30,21.350587844848633,21.476999282836914,21.479999542236328,21.476999282836914,21.479999542236328,400
2025-05-01,21.312715530395508,21.385000228881836,21.385000228881836,21.385000228881836,21.385000228881836,100
2025-05-02,21.094457626342773,21.166000366210938,21.166000366210938,21.166000366210938,21.166000366210938,100
2025-05-05,20.91008186340332,20.981000900268555,20.996999740600586,20.981000900268555,20.996999740600586,100
2025-05-06,21.10043716430664,21.172000885009766,21.200000762939453,21.100000381469727,21.100000381469727,1200
2025-05-07,21.12335777282715,21.19499969482422,21.200000762939453,21.19499969482422,21.200000762939453,100
2025-05-08,20.97884750366211,21.049999237060547,21.049999237060547,21.049999237060547,21.049999237060547,100
2025-05-09,20.88915252685547,20.959999084472656,20.959999084472656,20.959999084472656,20.959999084472656,100
2025-05-12,20.72471046447754,20.795000076293945,20.850000381469727,20.795000076293945,20.850000381469727,2200
2025-05-13,20.60411834716797,20.673999786376953,20.673999786376953,20.673999786376953,20.673999786376953,100
2025-05-14,20.659929275512695,20.729999542236328,20.729999542236328,20.729999542236328,20.729999542236328,300
2025-05-15,20.67986297607422,20.75,20.75,20.75,20.75,100
2025-05-16,20.752614974975586,20.822999954223633,20.822999954223633,20.822999954223633,20.822999954223633,100
2025-05-19,20.748628616333008,20.819000244140625,20.819000244140625,20.770000457763672,20.770000457763672,100
2025-05-20,20.789491653442383,20.860000610351562,20.860000610351562,20.860000610351562,20.860000610351562,100
2025-05-21,20.759592056274414,20.829999923706055,20.829999923706055,20.829999923706055,20.829999923706055,100
2025-05-22,20.853273391723633,20.923999786376953,20.923999786376953,20.923999786376953,20.923999786376953,200
2025-05-23,20.86423683166504,20.934999465942383,20.934999465942383,20.934999465942383,20.934999465942383,100
2025-05-27,20.894136428833008,20.96500015258789,20.96500015258789,20.96500015258789,20.96500015258789,100
2025-05-28,20.759592056274414,20.829999923706055,20.829999923706055,20.829999923706055,20.829999923706055,100
2025-05-29,20.833341598510742,20.90399932861328,20.905000686645508,20.889999389648438,20.899999618530273,1100
2025-05-30,20.93400001525879,21.0049991607666,21.010000228881836,21.0049991607666,21.010000228881836,100
2025-06-02,20.920000076293945,20.920000076293945,20.920000076293945,20.90999984741211,20.90999984741211,100
2025-06-03,20.920000076293945,20.920000076293945,20.920000076293945,20.90999984741211,20.90999984741211,100
2025-06-04,20.924999237060547,20.924999237060547,20.93000030517578,20.924999237060547,20.93000030517578,500
2025-06-05,20.905000686645508,20.905000686645508,20.905000686645508,20.905000686645508,20.905000686645508,200
2025-06-06,20.700000762939453,20.700000762939453,20.700000762939453,20.700000762939453,20.700000762939453,100
2025-06-09,20.6200008392334,20.6200008392334,20.68000030517578,20.56999969482422,20.56999969482422,1900
2025-06-10,20.665000915527344,20.665000915527344,20.676000595092773,20.649999618530273,20.676000595092773,800
2025-06-11,20.649999618530273,20.649999618530273,20.649999618530273,20.639999389648438,20.639999389648438,400
2025-06-12,20.774999618530273,20.774999618530273,20.774999618530273,20.774999618530273,20.774999618530273,100
2025-06-13,20.71500015258789,20.71500015258789,20.71500015258789,20.71500015258789,20.71500015258789,100
2025-06-16,20.674999237060547,20.674999237060547,20.674999237060547,20.674999237060547,20.674999237060547,100
2025-06-17,20.80500030517578,20.80500030517578,20.809999465942383,20.799999237060547,20.809999465942383,18300
2025-06-18,20.785999298095703,20.785999298095703,20.785999298095703,20.785999298095703,20.785999298095703,100
2025-06-20,20.764999389648438,20.764999389648438,20.764999389648438,20.764999389648438,20.764999389648438,100
2025-06-23,20.86199951171875,20.86199951171875,20.899999618530273,20.86199951171875,20.899999618530273,2200
2025-06-24,20.975000381469727,20.975000381469727,20.975000381469727,20.940000534057617,20.950000762939453,18600
2025-06-25,20.950000762939453,20.950000762939453,20.950000762939453,20.950000762939453,20.950000762939453,100
2025-06-26,21.024999618530273,21.024999618530273,21.024999618530273,21.020000457763672,21.020000457763672,300
2025-06-27,21.084999084472656,21.084999084472656,21.084999084472656,21.084999084472656,21.084999084472656,100
